{
  "version": 1,
  "author": "Anonymous maker",
  "editor": "wokwi",
  "parts": [
    {
      "type": "wokwi-pi-pico",
      "id": "pico",
      "top": 2.67,
      "left": -136,
      "attrs": { "builder": "pico-sdk" }
    },
    {
      "type": "wokwi-pushbutton",
      "id": "btn1",
      "top": 45.95,
      "left": 95.52,
      "attrs": { "color": "green" }
    },
    {
      "type": "wokwi-resistor",
      "id": "r1",
      "top": 114.29,
      "left": -3.48,
      "attrs": { "value": "1000" }
    }
  ],
  "connections": [
    [ "pico:GP0", "$serialMonitor:RX", "", [] ],
    [ "pico:GP1", "$serialMonitor:TX", "", [] ],
    [ "pico:GND.6", "r1:1", "black", [ "h0" ] ],
    [ "pico:3V3", "btn1:1.l", "green", [ "h0" ] ],
    [ "btn1:2.l", "r1:2", "green", [ "h0" ] ],
    [ "btn1:2.l", "pico:GP10", "green", [ "h0" ] ]
  ]
}